Code_departement,Departement,Code_region,Population_15_19_ans_2016,Population_15_19_ans_2022
53,Mayenne,52,18710.35737616502,19467.52149253191
85,Vendée,52,37285.1388543461,40886.5262720596
